{
  "run": "baseline-v1",
  "data": [
    "toy_bao.json",
    "toy_supernovae.csv"
  ],
  "models": [
    {
      "model": "lcdm",
      "best_fit": {
        "h0": 67.0,
        "omega_m": 0.27,
        "w0": -1.0,
        "wa": 0.0
      },
      "chi2": 45.858438459304196,
      "n_parameters": 2,
      "n_data": 5,
      "aic": 49.858438459304196,
      "bic": 49.077314284172395
    },
    {
      "model": "wcdm",
      "best_fit": {
        "h0": 67.0,
        "omega_m": 0.27,
        "w0": -1.1,
        "wa": 0.0
      },
      "chi2": 32.152304692376454,
      "n_parameters": 3,
      "n_data": 5,
      "aic": 38.152304692376454,
      "bic": 36.980618429678756
    },
    {
      "model": "cpl",
      "best_fit": {
        "h0": 67.0,
        "omega_m": 0.27,
        "w0": -1.1,
        "wa": -0.2
      },
      "chi2": 30.79841430189459,
      "n_parameters": 4,
      "n_data": 5,
      "aic": 38.79841430189459,
      "bic": 37.23616595163099
    }
  ]
}